Symbol,Name,Last Sale,Net Change,% Change,Market Cap,Country,IPO Year,Volume,Sector,Industry
AAMC,Altisource Asset Management Corp Com,$40.16,-2.5899,-6.058%,70618147.00,United States,,41187,Finance,Real Estate
AAU,Almaden Minerals Ltd. Common Shares,$0.145,-0.0004,-0.275%,19897104.00,Canada,2015,115844,,
ACAQ,Athena Consumer Acquisition Corp. Class A Common Stock,$11.00,0.16,1.476%,0.00,,2021,708,Finance,Blank Checks
ACU,Acme United Corporation. Common Stock,$33.21,-0.27,-0.806%,117753527.00,United States,1988,8932,Consumer Discretionary,Industrial Machinery/Components
ADEX,Adit EdTech Acquisition Corp. Common Stock,$10.58,0.00,0.00%,99107325.00,,2021,2,Technology,EDP Services
ADRT,Ault Disruptive Technologies Corporation Common Stock,$11.55,-0.10,-0.858%,166031250.00,,2022,49791,Finance,Blank Checks
AE,Adams Resources & Energy Inc. Common Stock,$34.58,0.49,1.437%,87649407.00,United States,1980,2464,Energy,Oil Refining/Marketing
AEF,abrdn Emerging Markets Equity Income Fund Inc. Common Stock,$5.19,-0.10,-1.89%,557211375.00,United States,,66997,Finance,Finance/Investors Services
AEON,AEON Biopharma Inc. Class A Common Stock,$7.36,-0.47,-6.003%,0.00,,,46192,Health Care,Biotechnology: Pharmaceutical Preparations
AGE,AgeX Therapeutics Inc. Common Stock,$0.76,0.03,4.11%,28842958.00,,2018,21933,Health Care,Biotechnology: Pharmaceutical Preparations
AIM,AIM ImmunoTech Inc. Common Stock,$0.58,-0.01,-1.695%,28076811.00,United States,1997,74081,Health Care,Biotechnology: Biological Products (No Diagnostic Substances)
AINC,Ashford Inc. (Holding Company) Common Stock,$9.1051,0.00,0.00%,29106947.00,United States,2014,169,Consumer Discretionary,Professional Services
AIRI,Air Industries Group Common Stock,$3.085,0.035,1.148%,10055147.00,United States,,10170,Industrials,Military/Government/Technical
AMBI,Ambipar Emergency Response Class A Ordinary Shares,$9.68,0.105,1.097%,536560948.00,,,12460,Industrials,Environmental Services
AMBO,Ambow Education Holding Ltd. American Depository Shares each representing two Class A ordinary shares,$0.195,-0.003,-1.515%,5082434.00,China,,56875,Consumer Discretionary,Educational Services
AMPE,Ampio Pharmaceuticals Inc.,$0.22,0.01,4.762%,3322633.00,United States,2022,283208,Health Care,Biotechnology: Pharmaceutical Preparations
AMS,American Shared Hospital Services Common Stock,$2.57,-0.03,-1.154%,15969980.00,United States,1988,787,Health Care,Medical Specialities
APT,Alpha Pro Tech Ltd. Common Stock,$3.9515,0.0415,1.061%,48161696.00,Canada,2000,33273,,
AREN,The Arena Group Holdings Inc. Common Stock,$3.60,0.10,2.857%,79196753.00,,2022,26418,Health Care,Medical/Dental Instruments
ARMP,Armata Pharmaceuticals Inc. Common Stock,$3.82,0.25,7.003%,138072777.00,United States,,42440,Health Care,Biotechnology: Biological Products (No Diagnostic Substances)
ASM,Avino Silver & Gold Mines Ltd. Common Shares (Canada),$0.6891,0.0147,2.18%,82137589.00,Canada,,317369,Basic Materials,Metal Mining
ASXC,Asensus Surgical Inc. Common Stock,$0.3349,0.0019,0.571%,80197015.00,United States,,1773670,Health Care,Medical/Dental Instruments
ATEK,Athena Technology Acquisition Corp. II Class A Common Stock,$10.53,0.00,0.00%,0.00,,2022,18,Finance,Blank Checks
ATNM,Actinium Pharmaceuticals Inc. (Delaware) Common Stock,$6.60,-0.08,-1.198%,174304852.00,United States,,171143,Health Care,Biotechnology: Pharmaceutical Preparations
AULT,Ault Alliance Inc. Common Stock,$2.38,0.00,0.00%,3298256.00,United States,1997,435480,Finance,Investment Bankers/Brokers/Service
AULT^D,Ault Alliance Inc. 13.00% Series D Cumulative Redeemable Perpetual Preferred Stock,$15.5501,0.0501,0.323%,,United States,,405,,
AUMN,Golden Minerals Company Common Stock,$1.13,0.02,1.802%,200739073.00,United States,,61059,Basic Materials,Precious Metals
AUST,Austin Gold Corp. Common Shares,$0.8113,-0.0196,-2.359%,10765951.00,,2022,26159,,
AWX,Avalon Holdings Corporation Common Stock,$2.59,-0.01,-0.385%,8515006.00,United States,1998,327,Utilities,Environmental Services
AZTR,Azitra Inc Common Stock,$2.51,-0.15,-5.639%,0.00,,2023,8192,Health Care,Biotechnology: Pharmaceutical Preparations
BACA,Berenson Acquisition Corp. I Class A Common Stock,$10.22,0.00,0.00%,0.00,,2021,105,Finance,Blank Checks
BATL,Battalion Oil Corporation Common Stock,$7.92,0.22,2.857%,130343646.00,United States,,27623,Energy,Oil & Gas Production
BCV,Bancroft Fund Ltd.,$17.35,-0.14,-0.80%,0.00,United States,1972,4374,Finance,Finance/Investors Services
BCV^A,Bancroft Fund Limited 5.375% Series A Cumulative Preferred Shares,$23.49,-0.01,-0.043%,,United States,,2435,,
BDL,Flanigan's Enterprises Inc. Common Stock,$30.40,0.00,0.00%,56502869.00,United States,1972,38,Consumer Discretionary,Restaurants
BGI,Birks Group Inc. Common Stock,$3.33,-0.18,-5.128%,36530100.00,Canada,,47612,Consumer Discretionary,Consumer Specialties
BHB,Bar Harbor Bankshares Inc. Common Stock,$27.13,0.25,0.93%,410844729.00,United States,1997,16242,Finance,Major Banks
BHM,Bluerock Homes Trust Inc. Class A Common Stock,$15.73,-0.39,-2.419%,60458286.00,,2022,3765,Real Estate,Real Estate Investment Trusts
BITE,Bite Acquisition Corp. Common Stock,$10.45,0.00,0.00%,0.00,,2021,3,Finance,Blank Checks
BKTI,BK Technologies Corporation Common Stock,$13.73,0.00,0.00%,46677057.00,United States,,321,Technology,Radio And Television Broadcasting And Communications Equipment
BLUA,BlueRiver Acquisition Corp. Class A Ordinary Shares,$10.51,-0.01,-0.095%,0.00,,2021,3718,Finance,Blank Checks
BMTX,BM Technologies Inc. Common Stock,$2.81,-0.02,-0.707%,33334187.00,,2018,4856,Technology,EDP Services
BRBS,Blue Ridge Bankshares Inc. Common Stock,$8.25,-0.04,-0.483%,156275732.00,United States,,19854,Finance,Commercial Banks
BRN,Barnwell Industries Inc. Common Stock,$2.53,-0.01,-0.394%,25190418.00,United States,1965,8521,Energy,Oil & Gas Production
BSAQ,Black Spade Acquisition Co Class A Ordinary Shares,$10.61,0.09,0.856%,0.00,,2021,41576,Finance,Blank Checks
BTG,B2Gold Corp Common shares (Canada),$3.12,-0.02,-0.637%,3359940480.00,Canada,,6835814,Basic Materials,Precious Metals
BTTR,Better Choice Company Inc. Common Stock,$0.24,-0.0172,-6.687%,7329876.00,,2021,590068,Consumer Staples,Beverages (Production/Distribution)
BURU,Nuburu Inc. Common Stock,$0.75,0.169,29.088%,447032325.00,,2020,89227122,Technology,Industrial Machinery/Components
CANF,Can-Fite Biopharma Ltd Sponsored ADR (Israel),$2.79,-0.1247,-4.278%,7586440.00,Israel,,9703,Health Care,Biotechnology: Pharmaceutical Preparations
CATX,Perspective Therapeutics Inc. Common Stock,$0.4932,-0.0038,-0.765%,138160786.00,United States,,455352,Health Care,Medical/Dental Instruments
CCEL,Cryo-Cell International Inc. Common Stock,$5.79,0.11,1.937%,47989917.00,United States,2022,4755,Health Care,Managed Health Care
CCF,Chase Corporation Common Stock,$126.18,0.14,0.111%,1199510486.00,United States,1995,39834,Consumer Discretionary,Building Products
CEI,Camber Energy Inc. Common Stock,$0.6822,-0.0314,-4.40%,15435443.00,United States,,2983715,Energy,Oil & Gas Production
CET,Central Securities Corporation Common Stock,$36.70,-0.3499,-0.944%,8882324840.00,United States,1951,8063,Finance,Finance/Investors Services
CEV,Eaton Vance California Municipal Income Trust Shares of Beneficial Interest,$9.84,-0.03,-0.304%,69210378.00,United States,1999,10563,Finance,Investment Bankers/Brokers/Service
CHAA,Catcha Investment Corp. Class A Ordinary Shares,$10.57,-0.05,-0.471%,0.00,,2021,286,Finance,Blank Checks
CIK,Credit Suisse Asset Management Income Fund Inc. Common Stock,$3.02,-0.02,-0.658%,0.00,United States,,97232,Finance,Finance/Investors Services
CIX,CompX International Inc. Common Stock,$22.04,-0.09,-0.407%,271395204.00,United States,1998,12065,Consumer Discretionary,Industrial Machinery/Components
CKX,CKX Lands Inc. Common Stock,$10.15,0.01,0.099%,20040434.00,United States,2003,728,Energy,Oil & Gas Production
CLM,Cornerstone Strategic Value Fund Inc. New Common Stock,$8.71,-0.01,-0.115%,0.00,United States,2003,1132644,Finance,Finance/Investors Services
CMCL,Caledonia Mining Corporation Plc Common Shares,$11.79,0.24,2.078%,226250100.00,Canada,,38331,Basic Materials,Precious Metals
CMT,Core Molding Technologies Inc Common Stock,$24.92,2.47,11.002%,226975895.00,United States,1996,105045,Industrials,Plastic Products
COE,51Talk Online Education Group American depositary shares each representing 60 Class A ordinary shares,$8.55,-0.14,-1.611%,48138809.00,China,2016,1407,Consumer Discretionary,Educational Services
COHN,Cohen & Company Inc.,$7.05,0.625,9.728%,12830055.00,United States,,39998,Finance,Investment Bankers/Brokers/Service
CPHI,China Pharma Holdings Inc. Common Stock,$0.2728,0.0129,4.963%,2656435.00,China,,59438,Health Care,Biotechnology: Pharmaceutical Preparations
CQP,Cheniere Energy Partners LP Cheniere Energy Partners LP Common Units,$49.48,-1.13,-2.233%,23950107366.00,United States,2007,372085,Utilities,Oil/Gas Transmission
CRF,Cornerstone Total Return Fund Inc. (The) Common Stock,$8.43,-0.01,-0.118%,0.00,United States,2003,875688,Finance,Finance/Investors Services
CTGO,Contango ORE Inc. Common Stock,$18.30,0.09,0.494%,139440839.00,,2021,17545,Basic Materials,Precious Metals
CTM,Castellum Inc. Common Stock,$0.352,-0.034,-8.808%,16660749.00,,2022,330888,Technology,EDP Services
CVM,Cel-Sci Corporation Common Stock,$1.43,0.07,5.147%,63941991.00,United States,1997,164092,Health Care,Biotechnology: Biological Products (No Diagnostic Substances)
CVR,Chicago Rivet & Machine Co. Common Stock,$24.50,-1.43,-5.515%,23670234.00,United States,1930,2348,Industrials,Industrial Machinery/Components
CVU,CPI Aerostructures Inc. Common Stock,$4.15,-0.02,-0.48%,51193968.00,United States,2022,19799,Industrials,Military/Government/Technical
CYBN,Cybin Inc. Common Shares,$0.3465,-0.0118,-3.293%,72184906.00,Canada,,1717315,Health Care,Biotechnology: Pharmaceutical Preparations
DC,Dakota Gold Corp. Common Stock,$3.01,0.01,0.333%,226696501.00,United States,2022,56419,Basic Materials,Precious Metals
DHY,Credit Suisse High Yield Bond Fund Common Stock,$1.89,0.01,0.532%,0.00,United States,1998,755254,Finance,Finance/Investors Services
DIT,AMCON Distributing Company Common Stock,$240.00,-3.00,-1.235%,146085360.00,United States,1999,720,Consumer Discretionary,Food Distributors
DLA,Delta Apparel Inc. Common Stock,$7.90,-0.27,-3.305%,55308058.00,United States,2000,50563,Consumer Staples,Apparel
DMF,BNY Mellon Municipal Income Inc. Common Stock,$6.22,0.01,0.161%,0.00,United States,1988,49490,Finance,Finance/Investors Services
DMYY,dMY Squared Technology Group Inc. Class A Common Stock,$10.40,0.00,0.00%,0.00,,2022,661,Finance,Blank Checks
DNN,Denison Mines Corp Ordinary Shares (Canada),$1.31,0.02,1.55%,1094349810.00,Canada,,4035148,Basic Materials,Other Metals and Minerals
DPSI,DecisionPoint Systems Inc. Common Stock,$5.12,0.13,2.605%,37976791.00,,2022,15115,Technology,Retail: Computer Software & Peripheral Equipment
DSS,DSS Inc. Common Stock,$0.25,-0.01,-3.846%,35066063.00,United States,,154739,Consumer Discretionary,Containers/Packaging
DXF,Dunxin Financial Holdings Limited American Depositary Shares,$0.6698,0.0178,2.73%,1454664.00,China,,363564,Finance,Finance: Consumer Services
EAD,Allspring Income Opportunities Fund Common Shares,$6.41,0.00,0.00%,0.00,United States,2003,98515,Finance,Finance/Investors Services
ECF,Ellsworth Growth and Income Fund Ltd.,$8.75,-0.0386,-0.439%,0.00,United States,1986,45336,Finance,Finance/Investors Services
ECF^A,Ellsworth Growth and Income Fund Ltd. 5.25% Series A Cumulative Preferred Shares (Liquidation Preference $25.00 per share),$23.11,-0.10,-0.431%,,United States,,13225,,
EFSH,1847 Holdings LLC Common Shares,$0.187,-0.001,-0.532%,949011.00,,2022,1318733,Consumer Discretionary,Professional Services
EIM,Eaton Vance Municipal Bond Fund Common Shares of Beneficial Interest $.01 par value,$9.73,0.03,0.309%,0.00,United States,2002,217504,Finance,Finance/Investors Services
ELA,Envela Corporation Common Stock,$5.56,0.11,2.018%,149548488.00,United States,,30232,Consumer Discretionary,Consumer Specialties
ELLO,Ellomay Capital Ltd Ordinary Shares (Israel),$16.10,-0.36,-2.187%,206885000.00,Israel,,2579,Utilities,Electric Utilities: Central
ELMD,Electromed Inc. Common Stock,$9.57,-0.56,-5.528%,81929727.00,United States,2011,17637,Health Care,Biotechnology: Electromedical & Electrotherapeutic Apparatus
EMAN,eMagin Corporation Common Stock,$2.00,0.00,0.00%,166083388.00,United States,,426340,Technology,Industrial Machinery/Components
EMX,EMX Royalty Corporation Common Shares (Canada),$1.79,-0.03,-1.648%,198088900.00,Canada,,93353,Basic Materials,Metal Mining
ENSV,Enservco Corporation Common Stock,$0.3754,0.0054,1.459%,7026778.00,United States,,142055,Energy,Oilfield Services/Equipment
ENX,Eaton Vance New York Municipal Bond Fund Common Shares of Beneficial Interest $.01 par value,$9.48,0.08,0.851%,0.00,United States,2002,26648,Finance,Finance/Investors Services
EP,Empire Petroleum Corporation Common Stock,$9.18,0.25,2.80%,202920136.00,United States,2022,8813,Energy,Oil & Gas Production
EPM,Evolution Petroleum Corporation Inc. Common Stock,$9.77,0.33,3.496%,325035062.00,United States,,449264,Energy,Oil & Gas Production
EQX,Equinox Gold Corp. Common Shares,$4.89,0.02,0.411%,1527242839.00,Canada,,1479354,,
ERC,Allspring Multi-Sector Income Fund Common Stock,$9.65,0.02,0.208%,0.00,United States,2003,117698,Finance,Finance/Investors Services
ERH,Allspring Utilities and High Income Fund Common Shares,$10.07,0.06,0.599%,0.00,,2004,17063,Finance,Finance/Investors Services
ESP,Espey Mfg. & Electronics Corp. Common Stock,$16.67,-0.31,-1.826%,45052892.00,United States,1960,2085,Technology,Industrial Machinery/Components
EU,enCore Energy Corp. Common Shares,$2.48,0.04,1.639%,355004612.00,,2023,640994,,
EVBN,Evans Bancorp Inc. Common Stock,$29.84,-0.19,-0.633%,163448749.00,United States,,4446,Finance,Major Banks
EVE,EVe Mobility Acquisition Corp Class A Ordinary Shares,$10.55,0.00,0.00%,0.00,,2022,1121,Finance,Blank Checks
EVI,EVI Industries Inc.  Common Stock,$25.51,0.69,2.78%,320781490.00,United States,1999,13191,Consumer Discretionary,Other Consumer Services
EVM,Eaton Vance California Municipal Bond Fund Common Shares of Beneficial Interest $.01 par value,$8.82,0.02,0.227%,0.00,United States,2002,31012,Finance,Finance/Investors Services
EVV,Eaton Vance Limited Duration Income Fund Common Shares of Beneficial Interest,$9.46,-0.03,-0.316%,0.00,United States,2003,212650,Finance,Finance/Investors Services
FAX,abrdn Asia-Pacific Income Fund Inc. Common Stock,$2.68,0.00,0.00%,0.00,United States,1986,545936,Finance,Investment Managers
FCO,abrdn Global Income Fund Inc. Common Stock,$5.77,-0.09,-1.536%,0.00,United States,1992,63198,Finance,Investment Managers
FEN,First Trust Energy Income and Growth Fund,$14.00,-0.20,-1.408%,0.00,United States,2004,62383,Finance,Finance/Investors Services
FGH,FG Group Holdings Inc. Common Stock,$1.57,-0.05,-3.086%,30567349.00,United States,,4242,Consumer Discretionary,Industrial Machinery/Components
FLAG,First Light Acquisition Group Inc. Class A Common Stock,$10.53,-0.01,-0.095%,0.00,,2021,32240,Health Care,Biotechnology: Biological Products (No Diagnostic Substances)
FOXO,FOXO Technologies Inc. Class A Common Stock,$0.1561,-0.0169,-9.769%,4240936.00,,2022,5466067,Technology,Retail: Computer Software & Peripheral Equipment
FRD,Friedman Industries Inc. Common Stock,$16.77,-1.06,-5.945%,123688611.00,United States,1975,41052,Industrials,Steel/Iron Ore
FSI,Flexible Solutions International Inc. Common Stock (CDA),$2.92,-0.04,-1.351%,36311753.00,Canada,2002,8081,Consumer Discretionary,Recreational Games/Products/Toys
FSP,Franklin Street Properties Corp. Common Stock,$1.93,0.12,6.63%,199620581.00,United States,,473718,Real Estate,Real Estate Investment Trusts
FTF,Franklin Limited Duration Income Trust Common Shares of Beneficial Interest,$6.30,0.02,0.318%,254553856.00,United States,2003,102913,Finance,Finance/Investors Services
FURY,Fury Gold Mines Limited Common Shares,$0.3681,-0.002,-0.54%,51339257.00,,2020,72775,,
GAU,Galiano Gold Inc.,$0.6186,-0.001,-0.161%,139150020.00,Canada,,100511,Industrials,Mining & Quarrying of Nonmetallic Minerals (No Fuels)
GBR,New Concept Energy Inc Common Stock,$1.07,-0.02,-1.835%,5491169.00,United States,1993,18732,Energy,Oil & Gas Production
GENC,Gencor Industries Inc. Common Stock,$15.19,-0.06,-0.393%,222650463.00,United States,,26220,Industrials,Construction/Ag Equipment/Trucks
GGN,GAMCO Global Gold Natural Resources & Income Trust,$3.74,0.00,0.00%,0.00,United States,2005,329703,Finance,Finance/Investors Services
GGN^B,GAMCO Global Gold Natural Reources & Income Trust 5.00% Series B Cumulative 25.00 Liquidation Preference,$22.63,-0.02,-0.088%,,United States,,780,,
GLDG,GoldMining Inc. Common Shares,$0.896,-0.007,-0.775%,155957794.00,,,414691,Basic Materials,Precious Metals
GLO,Clough Global Opportunities Fund Common Stock,$5.01,-0.01,-0.199%,0.00,United States,2006,175102,Finance,Finance/Investors Services
GLQ,Clough Global Equity Fund Clough Global Equity Fund Common Shares of Beneficial Interest,$6.25,0.02,0.321%,0.00,United States,2005,34812,Finance,Finance/Investors Services
GLU,Gabelli Global Utility Common Shares of Beneficial Ownership,$14.54,0.32,2.25%,86787966.00,United States,2004,10640,Finance,Finance/Investors Services
GLU^B,The Gabelli Global Utility and Income Trust Series B Cumulative Puttable and Callable Preferred Shares,$49.87,-0.0465,-0.093%,,United States,,327,,
GLV,Clough Global Dividend and Income Fund Common Shares of beneficial interest,$5.625,0.025,0.446%,71491404.00,United States,2004,44779,Finance,Finance/Investors Services
GNS,Genius Group Limited Ordinary Shares,$0.638,0.043,7.227%,32474236.00,,2022,7038290,Consumer Discretionary,Educational Services
GORO,Gold Resource Corporation Common Stock,$0.5549,0.0016,0.289%,49091194.00,United States,,224831,Basic Materials,Precious Metals
GRF,Eagle Capital Growth Fund Inc. Common Stock,$8.90,-0.10,-1.111%,0.00,United States,,8724,Finance,Finance/Investors Services
GRFX,Graphex Group Limited American Depositary Shares each American Depositary Share representing 20 Ordinary Shares,$1.22,0.01,0.826%,948485218.00,,2022,18723,,
GROY,Gold Royalty Corp. Common Shares,$1.70,0.05,3.03%,244652217.00,Canada,2021,322669,,
GSAT,Globalstar Inc. Common Stock,$1.25,0.10,8.696%,2250000000.00,United States,2006,5240671,Consumer Discretionary,Telecommunications Equipment
GTE,Gran Tierra Energy Inc. Common Stock,$6.89,0.16,2.377%,254171149.00,Canada,,348275,Energy,Oil & Gas Production
HNRA,HNR Acquisition Corp Common Stock,$10.69,0.00,0.00%,0.00,,2022,1006,Energy,Oil & Gas Production
HNW,Pioneer Diversified High Income Fund Inc.,$10.33,0.01,0.097%,0.00,United States,2007,22131,Finance,Finance/Investors Services
HUSA,Houston American Energy Corporation Common Stock,$2.29,-0.08,-3.376%,24975548.00,United States,,58239,Energy,Oil & Gas Production
HWM^,Howmet Aerospace Inc. $3.75 Preferred Stock,$54.5472,0.00,0.00%,,United States,,78,,
IAF,abrdn Australia Equity Fund Inc. Common Stock,$4.29,-0.042,-0.97%,0.00,United States,1985,28439,Finance,Finance/Investors Services
IAUX,i-80 Gold Corp. Common Shares,$2.04,0.02,0.99%,490351979.00,,2022,1383015,Basic Materials,Precious Metals
IBIO,iBio Inc. Common Stock,$0.5005,-0.0575,-10.305%,8407406.00,United States,,727005,Health Care,Biotechnology: Pharmaceutical Preparations
ID,PARTS iD Inc. Class A Common Stock,$0.472,0.007,1.505%,16437858.00,United States,2017,47727,Consumer Discretionary,Advertising
IDR,Idaho Strategic Resources Inc. Common Stock,$5.23,0.05,0.965%,64101600.00,,2022,4817,Basic Materials,Precious Metals
IE,Ivanhoe Electric Inc. Common Stock,$15.65,-0.43,-2.674%,1454833140.00,,2022,180790,Basic Materials,Metal Mining
IGC,IGC Pharma Inc. Common Stock,$0.3555,0.0045,1.282%,18869028.00,United States,,258608,Health Care,Biotechnology: Pharmaceutical Preparations
IHT,InnSuites Hospitality Trust Shares of Beneficial Interest,$1.96,0.01,0.513%,17990822.00,United States,1999,1825,Finance,Investment Bankers/Brokers/Service
IMO,Imperial Oil Limited Common Stock,$54.01,1.31,2.486%,31550103530.00,Canada,1929,566550,Energy,Integrated oil Companies
INDO,Indonesia Energy Corporation Limited Ordinary Shares,$4.18,0.02,0.481%,42385200.00,,2019,52867,Energy,Oil & Gas Production
INFU,InfuSystems Holdings Inc. Common Stock,$11.12,0.20,1.832%,232754355.00,United States,,43440,Health Care,Medical/Dental Instruments
INLX,Intellinetics Inc. Common Stock,$4.18,0.00,0.00%,17028304.00,,2022,84,Technology,EDP Services
INTT,inTest Corporation Common Stock,$17.64,-0.68,-3.712%,196357296.00,United States,1997,226436,Industrials,Electrical Products
INUV,Inuvo Inc.,$0.234,-0.008,-3.306%,28464100.00,United States,,147012,Consumer Discretionary,Advertising
IOR,Income Opportunity Realty Investors Inc. Common Stock,$12.24,0.00,0.00%,51021387.00,United States,1987,22,Real Estate,Real Estate Investment Trusts
IPVF,InterPrivate III Financial Partners Inc. Class A Common Stock,$11.13,0.05,0.451%,104209366.00,,2021,542,Finance,Investment Bankers/Brokers/Service
ISDR,Issuer Direct Corporation Common Stock,$21.45,-0.76,-3.422%,81317379.00,United States,,6825,Consumer Discretionary,Publishing
ITP,IT Tech Packaging Inc. Common Stock,$0.4499,0.0099,2.25%,4528657.00,China,,8745,Consumer Discretionary,Containers/Packaging
ITRG,Integra Resources Corp. Common Shares,$0.891,-0.019,-2.088%,61280780.00,,,24441,Basic Materials,Precious Metals
JOB,GEE Group Inc. Common Stock,$0.44,-0.0015,-0.34%,50358200.00,United States,1968,202632,Consumer Discretionary,Diversified Commercial Services
JWSM,Jaws Mustang Acquisition Corp. Class A Ordinary Shares,$10.70,-0.05,-0.465%,0.00,,2021,3582,Finance,Blank Checks
KIQ,Kelso Technologies Inc Ordinary Shares,$0.3847,0.0143,3.861%,20896937.00,Canada,,48233,Industrials,Railroads
KNW,Know Labs Inc. Common Stock,$0.835,-0.0162,-1.903%,40489718.00,,2022,132450,Industrials,Industrial Machinery/Components
KULR,KULR Technology Group Inc. Common Stock,$0.781,-0.019,-2.375%,92409953.00,United States,,291990,Technology,Electrical Products
LCTX,Lineage Cell Therapeutics Inc. Common Stock,$1.42,0.03,2.158%,241646780.00,United States,,299415,Health Care,Biotechnology: Biological Products (No Diagnostic Substances)
LEU,Centrus Energy Corp. Class A Common Stock,$43.14,-0.06,-0.139%,669776023.00,United States,2014,114042,Industrials,Mining & Quarrying of Nonmetallic Minerals (No Fuels)
LGL,LGL Group Inc. (The) Common Stock,$4.8101,-0.0199,-0.412%,25748162.00,United States,1946,10448,Technology,Industrial Machinery/Components
LNG,Cheniere Energy Inc. Common Stock,$163.18,1.10,0.679%,39264895734.00,United States,2001,1260263,Utilities,Oil/Gas Transmission
LODE,Comstock Inc. Common Stock,$0.4906,-0.0128,-2.543%,50388350.00,United States,,552893,Finance,Real Estate
LPTV,Loop Media Inc. Common Stock,$1.93,0.01,0.521%,108815733.00,,2022,68356,Industrials,Broadcasting
LSF,Laird Superfood Inc. Common Stock,$1.11,-0.01,-0.893%,10755932.00,,2020,27054,Consumer Staples,Packaged Foods
LXFR,Luxfer Holdings PLC Ordinary Shares,$12.14,-0.16,-1.301%,326837232.00,United Kingdom,2012,1411029,Industrials,Major Chemicals
MAG,MAG Silver Corporation Ordinary Shares,$11.53,0.15,1.318%,1185890524.00,Canada,,608114,Basic Materials,Precious Metals
MAIA,MAIA Biotechnology Inc. Common Stock,$2.10,0.00,0.00%,28614443.00,,2022,10178,Health Care,Biotechnology: Pharmaceutical Preparations
MGLD,The Marygold Companies Inc. Common Stock,$1.17,0.11,10.377%,46078647.00,,2022,8050,Finance,Finance/Investors Services
MHH,Mastech Digital Inc Common Stock,$9.90,0.02,0.202%,115347494.00,United States,,4335,Consumer Discretionary,Professional Services
MIMO,Airspan Networks Holdings Inc. Common Stock,$0.17,0.0165,10.749%,12679109.00,United States,2020,2591064,Consumer Discretionary,Telecommunications Equipment
MITQ,Moving iMage Technologies Inc. Common Stock,$0.9638,-0.0097,-0.996%,10518441.00,United States,2021,23691,Telecommunications,Telecommunications Equipment
MLSS,Milestone Scientific Inc. Common Stock,$1.02,0.05,5.155%,71398496.00,United States,2015,208241,Health Care,Industrial Specialties
MNK,Mallinckrodt plc Ordinary Shares,$1.45,-0.36,-19.89%,19097851.00,,2022,8838310,Health Care,Biotechnology: Pharmaceutical Preparations
MPTI,M-tron Industries Inc. Common Stock,$11.20,-0.0347,-0.309%,30540138.00,,2022,310,,
MPU,Mega Matrix Corp. Common Stock,$1.32,-0.02,-1.493%,41664551.00,United States,1998,24103,Consumer Discretionary,Transportation Services
MRT,Marti Technologies Inc. Class A Ordinary Shares,$1.02,-0.0401,-3.783%,0.00,,2021,413173,Consumer Discretionary,Rental/Leasing Companies
MSN,Emerson Radio Corporation Common Stock,$0.56,-0.0018,-0.32%,11783885.00,United States,1994,5880,Consumer Staples,Consumer Electronics/Appliances
MTA,Metalla Royalty & Streaming Ltd. Common Shares,$4.35,0.05,1.163%,228517941.00,,,58466,,
MTNB,Matinas Biopharma Holdings Inc. Common Stock,$0.3324,-0.0023,-0.687%,72218728.00,United States,2017,147239,Health Care,Biotechnology: Pharmaceutical Preparations
MWG,Multi Ways Holdings Limited Ordinary Shares,$0.499,-0.027,-5.133%,12375200.00,,2023,225578,Consumer Discretionary,Miscellaneous manufacturing industries
MXC,Mexco Energy Corporation Common Stock,$12.9818,-0.0586,-0.449%,27807016.00,United States,2003,1122,Energy,Oil & Gas Production
MYO,Myomo Inc. Common Stock,$0.64,-0.0073,-1.128%,13390987.00,United States,2017,42726,Health Care,Industrial Specialties
NAK,Northern Dynasty Minerals Ltd. Common Stock,$0.2712,-0.0098,-3.488%,143676170.00,Canada,,664722,Basic Materials,Precious Metals
NAVB,Navidea Biopharmaceuticals Inc. Common Stock,$0.07,0.004,6.061%,2454513.00,United States,,1912651,Health Care,Biotechnology: In Vitro & In Vivo Diagnostic Substances
NBH,Neuberger Berman Municipal Fund Inc. Common Stock,$10.02,0.00,0.00%,0.00,United States,2002,40754,Finance,Finance/Investors Services
NBO,Neuberger Berman New York Municipal Fund Inc. Common Stock,$9.42,0.04,0.426%,0.00,United States,2002,25341,Finance,Finance/Investors Services
NBW,Neuberger Berman California Municipal Fund Inc Common Stock,$10.55,-0.01,-0.095%,0.00,United States,2002,30308,Finance,Finance/Investors Services
NBY,NovaBay Pharmaceuticals Inc. Common Stock,$0.66,0.00,0.00%,1801024.00,United States,2007,63090,,
NEN,New England Realty Associates Limited Partnership Class A Depositary Receipts Evidencing Units of Limited Partnership,$72.00,0.00,0.00%,8468208.00,United States,,2,Real Estate,Building operators
NEWP,New Pacific Metals Corp. Common Shares,$2.26,-0.01,-0.441%,355280676.00,,2021,89407,,
NFGC,New Found Gold Corp Common Shares,$4.33,0.02,0.464%,759384688.00,,2021,132025,Basic Materials,Precious Metals
NG,Novagold Resources Inc.,$4.25,-0.11,-2.523%,1419426382.00,Canada,2003,1106641,Basic Materials,Precious Metals
NGD,New Gold Inc.,$1.08,0.03,2.857%,737425080.00,Canada,,1730904,Basic Materials,Metal Mining
NHC,National HealthCare Corporation Common Stock,$67.53,0.48,0.716%,1034596269.00,United States,1986,29081,Health Care,Hospital/Nursing Management
NHS,Neuberger Berman High Yield Strategies Fund,$7.94,0.08,1.018%,0.00,United States,,231215,Finance,Trusts Except Educational Religious and Charitable
NHWK,NightHawk Biosciences Inc. Common Stock,$0.634,-0.0085,-1.323%,16515199.00,United States,2022,30548,Health Care,Biotechnology: Pharmaceutical Preparations
NML,Neuberger Berman Energy Infrastructure and Income Fund Inc. Common Stock,$7.11,0.06,0.851%,0.00,,2013,171851,Finance,Finance/Investors Services
NNVC,NanoViricides Inc. Common Stock,$1.25,-0.03,-2.344%,14582500.00,United States,,3936,Health Care,Biotechnology: Pharmaceutical Preparations
NRO,Neuberger Berman Real Estate Securities Income Fund Inc. Neuberger Berman Real Estate Securities Income Fund Inc.,$3.08,0.03,0.984%,0.00,United States,2003,139983,Finance,Finance/Investors Services
NSTB,Northern Star Investment Corp. II Class A Common stock,$10.23,0.06,0.59%,123514125.00,,2021,615,Finance,Investment Bankers/Brokers/Service
NTIP,Network-1 Technologies Inc. Common Stock,$2.22,0.05,2.304%,52836022.00,United States,,4949,Miscellaneous,Multi-Sector Companies
OBE,Obsidian Energy Ltd. Common Shares,$7.02,0.09,1.299%,578744314.00,Canada,2022,272640,,
OGEN,Oragenics Inc. Common Stock,$3.37,-0.13,-3.714%,6823094.00,United States,,16401,Health Care,Biotechnology: Pharmaceutical Preparations
OPTT,Ocean Power Technologies Inc. Common Stock,$0.5143,-0.0326,-5.961%,30205311.00,United States,2007,258212,Industrials,Industrial Machinery/Components
ORLA,Orla Mining Ltd. Common Shares,$4.61,0.05,1.096%,1419635670.00,,2020,202058,Basic Materials,Precious Metals
OZ,Belpointe PREP LLC Class A Units,$84.48,-0.02,-0.024%,306109056.00,,,2303,,
PCG^A,Pacific Gas & Electric Co. 6% Preferred Stock,$21.0215,-0.1785,-0.842%,,United States,,1590,,
PCG^B,Pacific Gas & Electric Co. 5 1/2% Preferred Stock,$18.26,-0.14,-0.761%,,United States,,950,,
PCG^C,Pacific Gas & Electric Co. 5% 1st Preferred Stock,$16.59,-0.08,-0.48%,,United States,,1422,,
PCG^D,Pacific Gas & Electric Co. 5% 1st  Red. Preferred Stock,$16.72,-0.04,-0.239%,,United States,,206,,
PCG^E,Pacific Gas & Electric Co. 5% 1st A Preferred Stock,$16.27,-0.533,-3.172%,,United States,,296,,
PCG^G,Pacific Gas & Electric Co. 4.80% 1st Preferred Stock,$16.15,0.00,0.00%,,United States,,2,,
PCG^H,Pacific Gas & Electric Co. 4.50% 1st Preferred Stock,$15.88,0.13,0.825%,,United States,,1000,,
PCG^I,Pacific Gas & Electric Co. 4.36% 1st Preferred Stock,$14.89,-0.56,-3.625%,,United States,,155,,
PED,Pedevco Corp. Common Stock,$0.904,0.0066,0.735%,78684401.00,United States,,37167,Energy,Oil & Gas Production
PHGE,BiomX Inc. COmmon Stock,$0.4196,-0.005,-1.178%,19293095.00,,2019,64720,Health Care,Biotechnology: Biological Products (No Diagnostic Substances)
PLAG,Planet Green Holdings Corp. Common Stock,$0.4826,-0.0194,-3.865%,34786739.00,China,,26630,Consumer Staples,Packaged Foods
PLG,Platinum Group Metals Ltd. Ordinary Shares (Canada),$1.26,0.04,3.279%,126317495.00,Canada,,129363,Basic Materials,Precious Metals
PLM,Polymet Mining Corporation Ordinary Shares (Canada),$2.08,-0.01,-0.478%,404425838.00,Canada,,564890,,
PLX,Protalix BioTherapeutics Inc. (DE) Common Stock,$1.92,0.02,1.053%,125596641.00,Israel,,2438498,Health Care,Biotechnology: Biological Products (No Diagnostic Substances)
PLYM^A,Plymouth Industrial REIT Inc. 7.50% Series A Cumulative Redeemable Preferred Stock,$25.23,0.02,0.079%,,United States,,5545,,
POL,Polished Inc. Common Stock,$0.1802,-0.0138,-7.113%,18990713.00,United States,2020,4592785,Consumer Discretionary,Home Furnishings
PRK,Park National Corporation Common Stock,$110.56,-1.30,-1.162%,1785922668.00,United States,1994,23088,Finance,Major Banks
PTN,Palatin Technologies Inc. Common Stock,$2.64,0.20,8.197%,30422003.00,United States,1999,394617,Health Care,Biotechnology: Pharmaceutical Preparations
PW,Power REIT (MD) Common Stock,$1.68,0.07,4.348%,5694630.00,United States,1998,20721,Real Estate,Real Estate Investment Trusts
PW^A,Power REIT 7.75% Series A Cumulative Perpetual Preferred Stock,$4.75,-0.5084,-9.668%,,United States,,1805,,
PZG,Paramount Gold Nevada Corp. Common Stock,$0.30,-0.0051,-1.672%,14976720.00,United States,2015,41750,Basic Materials,Metal Mining
QFTA,Quantum FinTech Acquisition Corporation Common Stock,$10.58,0.00,0.00%,0.00,,2021,5564,Finance,Blank Checks
RCG,RENN Fund Inc Common Stock,$1.86,0.0001,0.005%,0.00,United States,,599,Finance,Investment Managers
REI,Ring Energy Inc. Common Stock,$2.17,0.05,2.358%,423924197.00,United States,,2508767,Energy,Oil & Gas Production
REPX,Riley Exploration Permian Inc. Common Stock,$33.69,-3.59,-9.63%,679938486.00,United States,1999,176691,Energy,Oil & Gas Production
RHE,Regional Health Properties Inc. Common Stock,$3.11,-0.04,-1.27%,5856217.00,,2017,986,Real Estate,Real Estate
RHE^A,Regional Health Properties Inc. 10.875% Series A Cumulative Redeemable Preferred Stock,$0.64,0.00,0.00%,,,,7,,
RLGT,Radiant Logistics Inc. Common Stock,$7.29,-0.04,-0.546%,346856975.00,United States,,85006,Consumer Discretionary,Oil Refining/Marketing
RMED,Ra Medical Systems Inc. Common Stock,$0.6546,-0.0654,-9.083%,3513679.00,,2018,245741,Health Care,Medical/Dental Instruments
RVP,Retractable Technologies Inc. Common Stock,$1.17,0.02,1.739%,35026476.00,United States,2001,8487,Health Care,Medical/Dental Instruments
SACC,Sachem Capital Corp. 6.875% Notes due 2024,$24.27,0.16,0.664%,1061975691.00,United States,2019,1890,Real Estate,Real Estate Investment Trusts
SACH,Sachem Capital Corp. Common Shares,$3.37,-0.03,-0.882%,147460160.00,United States,2017,236747,Real Estate,Real Estate Investment Trusts
SACH^A,Sachem Capital Corp. 7.75% Series A Cumulative Redeemable Preferred Stock,$20.43,0.00,0.00%,,United States,,2477,,
SATX,SatixFy Communications Ltd. Ordinary Share,$0.306,-0.0085,-2.703%,24685838244.00,,2022,352203,Technology,Radio And Television Broadcasting And Communications Equipment
SBEV,Splash Beverage Group Inc. (NV) Common Stock,$0.7402,-0.0592,-7.406%,31521802.00,,2021,595259,Consumer Staples,Beverages (Production/Distribution)
SCCB,Sachem Capital Corp. 7.125% Notes due 2024,$24.79,-0.06,-0.241%,1084729188.00,United States,2019,1933,Real Estate,Real Estate Investment Trusts
SCCC,Sachem Capital Corp. 7.75% Notes due 2025,$24.67,0.12,0.489%,1079478381.00,United States,2020,3868,Real Estate,Real Estate Investment Trusts
SCCD,Sachem Capital Corp. 6.00% Notes due 2026,$21.48,-0.11,-0.509%,939894432.00,United States,,483,Real Estate,Real Estate Investment Trusts
SCCE,Sachem Capital Corp. 6.00% Notes due 2027,$21.36,-0.09,-0.42%,934643625.00,United States,2022,1948,Real Estate,Real Estate Investment Trusts
SCCF,Sachem Capital Corp. 7.125% Notes due 2027,$21.75,0.05,0.23%,951708747.00,United States,2022,2135,Real Estate,Real Estate Investment Trusts
SCCG,Sachem Capital Corp. 8.00% Notes due 2027,$23.30,0.00,0.00%,1019531669.00,United States,2022,2954,Real Estate,Real Estate Investment Trusts
SDPI,Superior Drilling Products Inc. Common Stock,$1.34,-0.01,-0.741%,39188407.00,,2014,101892,Industrials,Metal Fabrications
SEB,Seaboard Corporation Common Stock,$3591.57,-76.85,-2.095%,4169019033.00,United States,1996,817,Industrials,Farming/Seeds/Milling
SENS,Senseonics Holdings Inc. Common Stock,$0.8232,-0.0078,-0.939%,395030379.00,United States,,2454555,Industrials,Industrial Machinery/Components
SGE,Strong Global Entertainment Inc. Class A Common Voting Shares,$2.4999,0.011,0.442%,0.00,,2023,29833,,
SIF,SIFCO Industries Inc. Common Stock,$2.60,0.10,4.00%,15787585.00,United States,1969,1317,Industrials,Office Equipment/Supplies/Services
SILV,SilverCrest Metals Inc. Common Shares,$4.48,-0.07,-1.538%,659594880.00,Canada,2018,1008836,Industrials,Industrial Machinery/Components
SIM,Grupo Simec S.A.B. de C.V. American Depositary Shares,$31.52,0.00,0.00%,4855507730.00,Mexico,1998,117,Industrials,Steel/Iron Ore
SKYH,Sky Harbour Group Corporation Class A Common Stock,$4.45,0.00,0.00%,254341112.00,,2022,2087,Industrials,Military/Government/Technical
SLI,Standard Lithium Ltd. Common Shares,$4.54,0.14,3.182%,784294988.00,Canada,2021,556618,,
SLND,Southland Holdings Inc. Common Stock,$8.40,-0.12,-1.408%,254579102.00,United States,,34123,Industrials,Military/Government/Technical
SNMP,Evolve Transition Infrastructure LP Common Units representing Class B Limited Liability Company Interests,$4.74,-1.20,-20.202%,36503062.00,,,224262,Energy,Oil & Gas Production
SSY,SunLink Health Systems Inc. Common Stock,$0.97,0.00,0.00%,6820655.00,United States,1996,20788,Health Care,Hospital/Nursing Management
STRW,Strawberry Fields REIT Inc. Common Stock,$7.14,0.0798,1.13%,45387952.00,,2023,2210,Real Estate,Real Estate Investment Trusts
STXS,Stereotaxis Inc. Common Stock,$1.42,-0.08,-5.333%,114563293.00,United States,,497781,Health Care,Biotechnology: Electromedical & Electrotherapeutic Apparatus
SVM,Silvercorp Metals Inc. Common Shares,$2.71,-0.13,-4.577%,479050128.00,Canada,,1667084,,
SVT,Servotronics Inc. Common Stock,$11.51,-0.09,-0.776%,29066353.00,United States,1970,5874,Consumer Discretionary,Industrial Machinery/Components
TELL,Tellurian Inc. Common Stock,$1.53,-0.03,-1.923%,861097612.00,United States,,12137013,Finance,Investment Bankers/Brokers/Service
TELZ,Tellurian Inc. 8.25% Senior Notes due 2028,$17.975,0.325,1.841%,10116489924.00,United States,,2438,Energy,Oil & Gas Production
TGB,Taseko Mines Ltd. Common Stock,$1.35,-0.01,-0.735%,389362950.00,Canada,,634819,Basic Materials,Precious Metals
THM,International Tower Hill Mines Ltd. Ordinary Shares (Canada),$0.40,-0.0037,-0.917%,78125274.00,Canada,,16270,Basic Materials,Metal Mining
TKAT,Takung Art Co. Ltd. Common Stock,$0.195,-0.0034,-1.714%,6823418.00,,,1500400,Consumer Discretionary,Other Specialty Stores
TMBR,Timber Pharmaceuticals Inc. Common Stock,$1.35,-0.05,-3.571%,4110053.00,United States,2015,63662,Health Care,Biotechnology: Pharmaceutical Preparations
TMP,Tompkins Financial Corporation Common Stock,$58.31,-0.20,-0.342%,846595660.00,United States,1997,26756,Finance,Major Banks
TMQ,Trilogy Metals Inc. Common Stock,$0.5004,-0.0232,-4.431%,77841891.00,Canada,,174264,Basic Materials,Precious Metals
TOON,Kartoon Studios Inc. Common Stock,$2.09,0.01,0.481%,67125475.00,United States,,213830,Consumer Discretionary,Movies/Entertainment
TOVX,Theriva Biologics Inc. Common Stock,$0.6272,-0.0138,-2.153%,9485811.00,United States,,61352,Health Care,Biotechnology: Pharmaceutical Preparations
TPET,Trio Petroleum Corp. Common Stock,$0.658,-0.0271,-3.956%,16334325.00,,2023,178761,Energy,Oil & Gas Production
TPHS,Trinity Place Holdings Inc. Common Stock,$0.4955,-0.0045,-0.90%,18455395.00,,,29133,Real Estate,Building operators
TRT,Trio-Tech International Common Stock,$6.4999,-0.2301,-3.419%,26628010.00,United States,1998,27535,Technology,Industrial Machinery/Components
TRX,TRX Gold Corporation Common Stock,$0.385,-0.001,-0.259%,106765225.00,Canada,,485440,,
UAMY,United States Antimony Corporation Common Stock,$0.432,0.0244,5.986%,46503641.00,United States,,308392,Industrials,Metal Fabrications
UAVS,AgEagle Aerial Systems Inc. Common Stock,$0.2195,-0.0061,-2.704%,20264542.00,United States,,1289517,Industrials,Aerospace
UEC,Uranium Energy Corp. Common Stock,$3.65,-0.01,-0.273%,1370178975.00,Canada,,3291667,Basic Materials,Other Metals and Minerals
UFAB,Unique Fabricating Inc. Common Stock,$0.2215,-0.0285,-11.40%,2598892.00,United States,2015,449383,Consumer Discretionary,Auto Parts:O.E.M.
URG,Ur Energy Inc Common Shares (Canada),$1.09,0.04,3.81%,288552216.00,Canada,,1291400,,
USAS,Americas Gold and Silver Corporation Common Shares no par value,$0.3591,0.0011,0.307%,1216889.00,,2017,159321,Basic Materials,Metal Mining
UTG,Reaves Utility Income Fund Common Shares of Beneficial Interest,$26.97,0.03,0.111%,0.00,United States,2004,222044,Finance,Investment Managers
UUU,Universal Security Instruments Inc. Common Stock,$2.75,0.03,1.103%,6360439.00,United States,2003,22199,Technology,Electronic Components
UUUU,Energy Fuels Inc Ordinary Shares (Canada),$6.36,0.20,3.247%,993827586.00,Canada,,2315441,,
VFL,abrdn National Municipal Income Fund Common Stock,$9.69,-0.02,-0.206%,0.00,United States,1993,42734,Finance,Finance/Investors Services
VGZ,Vista Gold Corp Common Stock,$0.4899,-0.0101,-2.02%,59321253.00,United States,1986,83723,,
VHAQ,Viveon Health Acquisition Corp. Common Stock,$11.07,0.00,0.00%,111409853.00,,2021,72,Health Care,Biotechnology: Pharmaceutical Preparations
VINE,Fresh Vine Wine Inc. Common Stock,$0.4193,0.0193,4.825%,6656902.00,,2021,491613,Consumer Staples,Beverages (Production/Distribution)
VKI,Invesco Advantage Municipal Income Trust II Common Shares of Beneficial Interest (DE),$8.24,-0.01,-0.121%,365905605.00,United States,1993,88849,Finance,Finance Companies
VNRX,VolitionRX Limited Common Stock,$1.21,-0.02,-1.626%,76447603.00,Singapore,2015,107374,Health Care,Biotechnology: Biological Products (No Diagnostic Substances)
VZLA,Vizsla Silver Corp. Common Shares,$1.05,-0.04,-3.67%,218335245.00,,2022,211869,Basic Materials,Precious Metals
WRAC,Williams Rowland Acquisition Corp. Common Stock,$10.32,-0.03,-0.29%,0.00,,2021,66621,Finance,Blank Checks
WRN,Western Copper and Gold Corporation Common Stock,$1.46,0.005,0.344%,223172092.00,Canada,2011,423810,,
WWR,Westwater Resources Inc. Common Stock,$0.825,-0.005,-0.602%,41992301.00,United States,,151377,Basic Materials,Other Metals and Minerals
WYY,WidePoint Corporation Common Stock,$1.81,0.00,0.00%,15901965.00,United States,,5100,Technology,EDP Services
XPL,Solitario Resources Corp. Common Stock,$0.5504,0.0019,0.346%,35666676.00,United States,,83368,Basic Materials,Precious Metals
XTNT,Xtant Medical Holdings Inc. Common Stock,$1.30,0.18,16.071%,167566162.00,United States,,456517,Health Care,Biotechnology: Biological Products (No Diagnostic Substances)
YCBD,cbdMD Inc. Common Stock,$1.36,-0.04,-2.857%,3882959.00,United States,2017,7747,Consumer Discretionary,Package Goods/Cosmetics
YCBD^A,cbdMD Inc. 8.0% Series A Cumulative Convertible Preferred Stock,$3.2999,0.0399,1.224%,,United States,,11253,,
ZDGE,Zedge Inc. Class B Common Stock ,$1.94,-0.03,-1.523%,28009972.00,,2016,15801,Technology,Computer Software: Prepackaged Software
ZOM,Zomedica Corp. Common Shares,$0.208,-0.01,-4.587%,203829531.00,United States,2017,2992006,Health Care,Pharmaceuticals and Biotechnology
